"","MSY","S.eq","S.max","S.msy","U.msy","alpha","beta","lnalpha","lnalpha.c","phi","resid.red.0","sigma.red","sigma.white"
"Lag 0",1,1,1,1,1,1,1,1,1,1,1,1,1
"Lag 10",0.0528279848156897,0.0197632382207563,0.0593463385050871,0.0577928095370679,0.0692744857679321,0.0918160107914018,0.126306794981322,0.0564959999134906,0.0978988306882689,0.127963686562407,-0.0701721223300459,0.119221701722016,0.0756057402094871
"Lag 50",0.0592658061989446,0.0313823367490991,-0.0343529237666131,-0.000585283944465657,-0.132236777700131,-0.0634592499514154,-0.0385715489168461,-0.0509430880224051,-0.101107296562734,-0.162443362237416,-0.0555444015636141,-0.164182637718909,-0.0378070503163492
"Lag 100",0.00808422226577286,-0.106963613746259,-0.113683828823006,-0.129205443846436,-0.156473794122644,-0.150908331735827,-0.238006325344447,-0.190159625386609,-0.127182040292398,-0.0104128817123866,-0.0806862772320103,-0.0188911254400658,-0.0316455404751483
