"","MSY","S.eq","S.max","S.msy","U.msy","alpha","beta","lnalpha","lnalpha.c","phi","resid.red.0","sigma.red","sigma.white"
"Lag 0",1,1,1,1,1,1,1,1,1,1,1,1,1
"Lag 1000",-0.00996976673602639,-0.00138932014313268,-0.00212898195822778,-0.000242575729274754,0.00577505276579496,-0.00896165995944881,0.00203664789629068,-0.00984199478093876,-0.0216593092746852,-0.0106352114046434,-0.00166469129829085,-0.0159806506771889,0.00687602965260141
"Lag 5000",-0.0115475654182103,-0.0078585160253394,-0.00494332753045266,-0.00491726295621621,-0.00527932976862842,0.00352775132666545,0.00873244820538277,-0.00828759893500145,0.000395605346671694,0.0124726474991821,0.0156206571620843,0.000245457438188548,0.00958710990465953
"Lag 10000",-0.00702099258066587,-0.00779056396066914,-0.00413499015834644,-0.00215341773213642,-0.00552222434245906,-0.00251453146376846,0.00439398358575752,0.00103255565613481,0.00368731469632623,-0.000618545978917356,-0.000358670048135547,-0.00753977030109241,-0.000227768582987208
"Lag 50000",0.0027514021536074,0.00380748937899108,-0.00103250970638482,0.00322303820456464,0.000863824324225603,0.00147174502690639,0.0123675202299077,0.00570039819273275,0.0171523745173098,0.000238876840737365,-0.0197963220668034,0.0180304475418377,0.0139575964537108
