"","MSY","S.eq","S.max","S.msy","U.msy","alpha","beta","lnalpha","lnalpha.c","resid.red.0","sigma.red","sigma.white"
"Lag 0",1,1,1,1,1,1,1,1,1,1,1,1
"Lag 10",-0.0880064569868543,0.0043954898641396,-0.0689248890123443,0.00492452785872363,0.0290940392575227,-0.00588287200854494,-0.0116060348462234,0.0162023341368104,0.0725574806134335,0.0193706728171999,0.111548966540066,0.0117755334695289
"Lag 50",0.0509017301825942,0.00646878458010937,-0.015868632158749,-0.0129803945146275,-0.0616723538353307,-0.0535746140181299,-0.0143230570850755,-0.0556457587617965,-0.0941484955790379,0.0511517832738545,-0.0694463850916264,-0.022650338191899
"Lag 100",-0.103099333131347,-0.136669945691727,-0.0920110380275997,-0.075262498753378,-0.112961808706397,-0.0514317922822437,-0.140710397963538,-0.0508246320341019,-0.119663194292328,-0.0174764882284436,-0.077966819981472,-0.0379904776081973
